#1
one_to_many_assignment=# select * from authors where name = 'Kara Melton'; id |    name     |                                                                                                                   bio                                                                                                                   ----+-------------+-----------------------------------------------------------------------------------------------------------------------------------------------------------------------------------------------------------------------------------------  8 | Kara Melton | Kara is a Master’s Candidate in the Department of Gender Studies at Queen’s University. She researches questions of racial progress and spends time thinking on community building, startups, tech and design, board games, and donuts.(1 row)#2one_to_many_assignment=# select name from cities where province_id = (select id from provinces where name = 'Ontario');  name   --------- Toronto Ottawa(2 rows)

#3
one_to_many_assignment=# select name from authors where id = (select author_id from articles where title = 'Coding Bootcamps and Emotional Labor');       name        ------------------- Tilde Ann Thurium(1 row)

#4one_to_many_assignment=# select count(id) from provinces; count -------    14(1 row)

#5one_to_many_assignment=# select count(residence_id) from persons where residence_id = (select id from residences where address = '4740 McDermott Street'); count -------     2(1 row)#6select * from cities where id = (select city_id from residences where address = '4740 McDermott Street’);11 | Ottawa        |         1826 |          14


#7select * from provinces where id =14; id |           name            | year_founded | country_id ----+---------------------------+--------------+------------ 14 | Ontario                   |         1867 |          1#8one_to_many_assignment=# select * from countries where = 1; id |  name  | year_founded | national_animal ----+--------+--------------+-----------------  1 | Canada |         1867 | beaver(1 row)

#9one_to_many_assignment=# select residence_id from persons where name = 'Destini Davis'; residence_id --------------            2(1 row)one_to_many_assignment=# select * from residences where id = 2; id |      address      | year_built | city_id ----+-------------------+------------+---------  2 | 537 Wyman Harbors |       1975 |       8(1 row)one_to_many_assignment=# select * from cities where id = 8; id |  name   | year_founded | province_id ----+---------+--------------+-------------  8 | Toronto |         1793 |          14(1 row)one_to_many_assignment=#  select * from provinces where id = 14; id |  name   | year_founded | country_id ----+---------+--------------+------------ 14 | Ontario |         1867 |          1(1 row)#10one_to_many_assignment=# select * from countries where id = 1; id |  name  | year_founded | national_animal ----+--------+--------------+-----------------  1 | Canada |         1867 | beaver(1 row)select * from authors where name = 'Aditya Mukerjee'one_to_many_assignment=# select count(id) from articles where author_id = 2; count -------     1(1 row)